<configuration>
    <variable name="LOGS" value="logs" />
    <variable name="AUTH" value="auth" />
    <variable name="LOG" value="log" />

    <appender name="STDOUT" class="ch.qos.logback.core.ConsoleAppender">
        <encoder>
            <pattern>%d{HH:mm:ss.SSS} [%thread] %-5level %logger{36} -%kvp- %msg%n</pattern>
        </encoder>
    </appender>

    <appender name="AUTH" class="ch.qos.logback.core.rolling.RollingFileAppender">
        <rollingPolicy class="ch.qos.logback.core.rolling.TimeBasedRollingPolicy">
            <fileNamePattern>${application.home:-.}/${LOGS}/${AUTH}/${AUTH}.%d{yyyy-MM-dd}.log</fileNamePattern>
        </rollingPolicy>
        <encoder>
            <pattern>%date %level [%thread] %logger{10} [%file:%line] -%kvp- %msg%n</pattern>
        </encoder>
    </appender>
    <logger
            name="com.example.solveryInvest.service.authService.AuthServiceImpl"
            additivity="false"
            level="DEBUG">
        <appender-ref ref="AUTH"/>
    </logger>

    <appender name="LOGS" class="ch.qos.logback.core.rolling.RollingFileAppender">
        <rollingPolicy class="ch.qos.logback.core.rolling.TimeBasedRollingPolicy">
            <fileNamePattern>${application.home:-.}/${LOGS}/${LOG}/${LOG}.%d{yyyy-MM-dd}.log</fileNamePattern>
        </rollingPolicy>
        <encoder>
            <pattern>%date %level [%thread] %logger{10} [%file:%line] -%kvp- %msg%n</pattern>
        </encoder>
    </appender>

    <logger
            name="com.hazelcast" level="ERROR">
        <appender-ref ref="STDOUT"/>
    </logger>

    <root level="INFO">
        <appender-ref ref="STDOUT"/>
        <appender-ref ref="LOGS"/>
    </root>
</configuration>